[{"Al": 1.12, "Ba": 0.0, "Ca": 8.77, "Fe": "0", "K": 0.64, "Mg": 3.5, "Na": 12.79, "RI": 1.51793, "Si": 73.03, "Type": "'build wind float'"},{"Al": 1.35, "Ba": 0.0, "Ca": 8.53, "Fe": "0", "K": 0.57, "Mg": 3.52, "Na": 12.16, "RI": 1.51643, "Si": 72.89, "Type": "'vehic wind float'"},{"Al": 1.41, "Ba": 0.0, "Ca": 8.43, "Fe": "0", "K": 0.59, "Mg": 3.48, "Na": 13.21, "RI": 1.51793, "Si": 72.64, "Type": "'build wind float'"},{"Al": 1.54, "Ba": 0.0, "Ca": 7.59, "Fe": "0", "K": 0.0, "Mg": 1.74, "Na": 14.4, "RI": 1.51299, "Si": 74.55, "Type": "tableware"},{"Al": 1.0, "Ba": 0.0, "Ca": 16.19, "Fe": "0.24", "K": 0.12, "Mg": 0.0, "Na": 12.3, "RI": 1.53393, "Si": 70.16, "Type": "'build wind non-float'"},{"Al": 1.44, "Ba": 0.11, "Ca": 8.79, "Fe": "0.22", "K": 0.57, "Mg": 2.85, "Na": 12.75, "RI": 1.51655, "Si": 73.27, "Type": "'build wind non-float'"},{"Al": 0.65, "Ba": 0.0, "Ca": 8.93, "Fe": "0", "K": 0.06, "Mg": 3.65, "Na": 13.64, "RI": 1.51779, "Si": 73.0, "Type": "'vehic wind float'"},{"Al": 1.28, "Ba": 0.0, "Ca": 9.07, "Fe": "0", "K": 0.55, "Mg": 2.84, "Na": 13.14, "RI": 1.51837, "Si": 72.85, "Type": "'build wind float'"},{"Al": 2.68, "Ba": 0.61, "Ca": 9.07, "Fe": "0.05", "K": 0.08, "Mg": 0.0, "Na": 14.14, "RI": 1.51545, "Si": 73.39, "Type": "headlamps"},{"Al": 1.3, "Ba": 0.0, "Ca": 8.44, "Fe": "0.28", "K": 0.55, "Mg": 3.9, "Na": 13.19, "RI": 1.51789, "Si": 72.33, "Type": "'build wind non-float'"},{"Al": 1.49, "Ba": 0.0, "Ca": 8.21, "Fe": "0", "K": 0.45, "Mg": 3.58, "Na": 13.36, "RI": 1.51625, "Si": 72.72, "Type": "'build wind non-float'"},{"Al": 1.16, "Ba": 0.0, "Ca": 8.9, "Fe": "0.24", "K": 0.62, "Mg": 3.25, "Na": 12.2, "RI": 1.51743, "Si": 73.55, "Type": "'build wind non-float'"},{"Al": 0.79, "Ba": 0.0, "Ca": 10.02, "Fe": "0", "K": 0.13, "Mg": 3.77, "Na": 13.21, "RI": 1.52223, "Si": 71.99, "Type": "'build wind float'"},{"Al": 0.58, "Ba": 0.0, "Ca": 9.65, "Fe": "0", "K": 0.11, "Mg": 3.76, "Na": 14.03, "RI": 1.52121, "Si": 71.79, "Type": "'vehic wind float'"},{"Al": 1.76, "Ba": 0.0, "Ca": 8.38, "Fe": "0.17", "K": 0.6, "Mg": 3.45, "Na": 13.14, "RI": 1.51665, "Si": 72.48, "Type": "'vehic wind float'"},{"Al": 1.71, "Ba": 0.0, "Ca": 7.99, "Fe": "0", "K": 0.62, "Mg": 3.48, "Na": 13.48, "RI": 1.51707, "Si": 72.52, "Type": "'build wind non-float'"},{"Al": 2.0, "Ba": 1.59, "Ca": 8.53, "Fe": "0.08", "K": 0.0, "Mg": 0.0, "Na": 14.75, "RI": 1.51719, "Si": 73.02, "Type": "headlamps"},{"Al": 1.49, "Ba": 0.0, "Ca": 8.24, "Fe": "0", "K": 0.67, "Mg": 3.33, "Na": 12.71, "RI": 1.51629, "Si": 73.28, "Type": "'build wind non-float'"},{"Al": 1.76, "Ba": 0.0, "Ca": 11.32, "Fe": "0", "K": 0.47, "Mg": 0.0, "Na": 13.27, "RI": 1.51994, "Si": 73.03, "Type": "containers"},{"Al": 1.43, "Ba": 0.14, "Ca": 8.79, "Fe": "0", "K": 0.6, "Mg": 2.96, "Na": 12.96, "RI": 1.51811, "Si": 72.92, "Type": "'build wind non-float'"},{"Al": 0.87, "Ba": 0.0, "Ca": 9.85, "Fe": "0.17", "K": 0.19, "Mg": 3.65, "Na": 13.05, "RI": 1.52152, "Si": 72.22, "Type": "'build wind float'"},{"Al": 1.88, "Ba": 0.0, "Ca": 13.24, "Fe": "0.34", "K": 0.81, "Mg": 0.0, "Na": 11.45, "RI": 1.52475, "Si": 72.19, "Type": "'build wind non-float'"},{"Al": 1.11, "Ba": 0.0, "Ca": 8.96, "Fe": "0.22", "K": 0.64, "Mg": 3.74, "Na": 12.93, "RI": 1.51841, "Si": 72.28, "Type": "'build wind non-float'"},{"Al": 1.19, "Ba": 0.0, "Ca": 8.27, "Fe": "0.11", "K": 0.57, "Mg": 3.66, "Na": 13.39, "RI": 1.51754, "Si": 72.79, "Type": "'build wind float'"},{"Al": 2.17, "Ba": 0.24, "Ca": 9.7, "Fe": "0.51", "K": 0.76, "Mg": 1.61, "Na": 12.85, "RI": 1.52058, "Si": 72.18, "Type": "containers"},{"Al": 1.47, "Ba": 0.0, "Ca": 8.03, "Fe": "0", "K": 0.38, "Mg": 3.49, "Na": 13.24, "RI": 1.51569, "Si": 73.25, "Type": "'build wind non-float'"},{"Al": 1.9, "Ba": 0.0, "Ca": 7.97, "Fe": "0", "K": 0.69, "Mg": 3.52, "Na": 12.82, "RI": 1.5159, "Si": 72.86, "Type": "'build wind non-float'"},{"Al": 1.98, "Ba": 1.57, "Ca": 8.52, "Fe": "0.07", "K": 0.0, "Mg": 0.0, "Na": 14.56, "RI": 1.51683, "Si": 73.29, "Type": "headlamps"},{"Al": 1.48, "Ba": 0.0, "Ca": 8.1, "Fe": "0", "K": 0.56, "Mg": 3.54, "Na": 13.23, "RI": 1.51687, "Si": 72.84, "Type": "'build wind non-float'"},{"Al": 1.34, "Ba": 0.0, "Ca": 8.33, "Fe": "0", "K": 0.56, "Mg": 3.53, "Na": 13.33, "RI": 1.5161, "Si": 72.67, "Type": "'vehic wind float'"},{"Al": 1.64, "Ba": 0.0, "Ca": 7.99, "Fe": "0", "K": 0.65, "Mg": 3.56, "Na": 12.87, "RI": 1.51674, "Si": 73.14, "Type": "'build wind non-float'"},{"Al": 1.54, "Ba": 0.0, "Ca": 8.99, "Fe": "0", "K": 0.56, "Mg": 3.34, "Na": 13.33, "RI": 1.51832, "Si": 72.14, "Type": "'vehic wind float'"},{"Al": 0.34, "Ba": 0.0, "Ca": 6.65, "Fe": "0", "K": 0.0, "Mg": 0.0, "Na": 17.38, "RI": 1.51115, "Si": 75.41, "Type": "tableware"},{"Al": 1.54, "Ba": 0.0, "Ca": 8.03, "Fe": "0", "K": 0.66, "Mg": 3.61, "Na": 13.44, "RI": 1.51645, "Si": 72.39, "Type": "'build wind non-float'"},{"Al": 1.36, "Ba": 0.0, "Ca": 8.4, "Fe": "0.11", "K": 0.57, "Mg": 3.6, "Na": 13.0, "RI": 1.51755, "Si": 72.99, "Type": "'build wind float'"},{"Al": 1.56, "Ba": 0.0, "Ca": 8.09, "Fe": "0.24", "K": 0.67, "Mg": 3.46, "Na": 12.72, "RI": 1.51571, "Si": 73.2, "Type": "'build wind float'"},{"Al": 1.62, "Ba": 0.0, "Ca": 8.07, "Fe": "0.26", "K": 0.64, "Mg": 3.61, "Na": 12.79, "RI": 1.51596, "Si": 72.97, "Type": "'build wind float'"},{"Al": 1.63, "Ba": 0.0, "Ca": 9.23, "Fe": "0", "K": 0.7, "Mg": 2.72, "Na": 12.35, "RI": 1.5173, "Si": 72.87, "Type": "'build wind non-float'"},{"Al": 1.44, "Ba": 0.06, "Ca": 8.23, "Fe": "0.25", "K": 0.68, "Mg": 3.51, "Na": 12.85, "RI": 1.51662, "Si": 73.01, "Type": "'build wind non-float'"},{"Al": 2.08, "Ba": 0.0, "Ca": 7.08, "Fe": "0", "K": 1.1, "Mg": 3.09, "Na": 14.25, "RI": 1.51409, "Si": 72.28, "Type": "'build wind non-float'"},{"Al": 1.35, "Ba": 0.0, "Ca": 8.68, "Fe": "0", "K": 0.64, "Mg": 3.48, "Na": 12.74, "RI": 1.51797, "Si": 72.96, "Type": "'build wind float'"},{"Al": 1.08, "Ba": 0.0, "Ca": 8.38, "Fe": "0.12", "K": 0.56, "Mg": 3.8, "Na": 13.0, "RI": 1.51806, "Si": 73.07, "Type": "'build wind non-float'"},{"Al": 1.54, "Ba": 0.0, "Ca": 8.04, "Fe": "0", "K": 0.61, "Mg": 3.58, "Na": 13.0, "RI": 1.51627, "Si": 72.83, "Type": "'build wind non-float'"},{"Al": 1.47, "Ba": 0.0, "Ca": 8.22, "Fe": "0", "K": 0.39, "Mg": 3.34, "Na": 13.24, "RI": 1.5159, "Si": 73.1, "Type": "'build wind non-float'"},{"Al": 0.75, "Ba": 0.15, "Ca": 8.89, "Fe": "0.24", "K": 0.16, "Mg": 3.54, "Na": 13.64, "RI": 1.51934, "Si": 72.65, "Type": "'vehic wind float'"},{"Al": 1.2, "Ba": 0.0, "Ca": 8.64, "Fe": "0", "K": 0.59, "Mg": 3.42, "Na": 12.71, "RI": 1.51755, "Si": 73.2, "Type": "'build wind float'"},{"Al": 3.5, "Ba": 2.2, "Ca": 5.87, "Fe": "0", "K": 1.68, "Mg": 2.68, "Na": 14.01, "RI": 1.51514, "Si": 69.89, "Type": "containers"},{"Al": 1.29, "Ba": 0.0, "Ca": 8.22, "Fe": "0", "K": 0.57, "Mg": 3.69, "Na": 13.21, "RI": 1.51766, "Si": 72.61, "Type": "'build wind float'"},{"Al": 1.28, "Ba": 0.0, "Ca": 8.49, "Fe": "0", "K": 0.6, "Mg": 3.49, "Na": 13.08, "RI": 1.51784, "Si": 72.86, "Type": "'build wind float'"},{"Al": 1.15, "Ba": 0.0, "Ca": 8.52, "Fe": "0", "K": 0.54, "Mg": 3.68, "Na": 13.2, "RI": 1.52177, "Si": 72.75, "Type": "'build wind non-float'"},{"Al": 1.38, "Ba": 0.0, "Ca": 8.55, "Fe": "0.06", "K": 0.6, "Mg": 3.47, "Na": 12.57, "RI": 1.51753, "Si": 73.39, "Type": "'build wind float'"},{"Al": 1.07, "Ba": 0.09, "Ca": 8.41, "Fe": "0.17", "K": 0.57, "Mg": 3.63, "Na": 13.2, "RI": 1.51851, "Si": 72.83, "Type": "'build wind non-float'"},{"Al": 1.14, "Ba": 0.0, "Ca": 8.17, "Fe": "0", "K": 0.58, "Mg": 3.6, "Na": 13.3, "RI": 1.51743, "Si": 73.09, "Type": "'build wind float'"},{"Al": 1.52, "Ba": 0.0, "Ca": 7.83, "Fe": "0", "K": 0.67, "Mg": 3.59, "Na": 13.09, "RI": 1.51593, "Si": 73.1, "Type": "'build wind non-float'"},{"Al": 2.74, "Ba": 0.54, "Ca": 9.45, "Fe": "0", "K": 0.0, "Mg": 0.0, "Na": 14.37, "RI": 1.5164, "Si": 72.85, "Type": "headlamps"},{"Al": 1.69, "Ba": 0.0, "Ca": 8.44, "Fe": "0.07", "K": 0.54, "Mg": 3.54, "Na": 13.02, "RI": 1.51735, "Si": 72.73, "Type": "'build wind float'"},{"Al": 2.06, "Ba": 0.0, "Ca": 9.76, "Fe": "0", "K": 0.76, "Mg": 2.2, "Na": 14.86, "RI": 1.52247, "Si": 70.26, "Type": "headlamps"},{"Al": 1.12, "Ba": 0.0, "Ca": 9.4, "Fe": "0", "K": 0.09, "Mg": 3.59, "Na": 13.69, "RI": 1.52099, "Si": 71.96, "Type": "'build wind float'"},{"Al": 1.11, "Ba": 0.0, "Ca": 8.6, "Fe": "0", "K": 0.11, "Mg": 3.66, "Na": 13.65, "RI": 1.51769, "Si": 72.77, "Type": "'vehic wind float'"},{"Al": 1.33, "Ba": 0.0, "Ca": 8.28, "Fe": "0", "K": 0.51, "Mg": 3.89, "Na": 13.41, "RI": 1.51846, "Si": 72.38, "Type": "'build wind non-float'"},{"Al": 1.27, "Ba": 0.0, "Ca": 8.32, "Fe": "0.32", "K": 0.54, "Mg": 3.87, "Na": 13.64, "RI": 1.51848, "Si": 71.96, "Type": "'build wind non-float'"},{"Al": 1.11, "Ba": 0.0, "Ca": 8.76, "Fe": "0", "K": 0.14, "Mg": 3.62, "Na": 13.6, "RI": 1.51905, "Si": 72.64, "Type": "'build wind float'"},{"Al": 1.21, "Ba": 0.0, "Ca": 8.57, "Fe": "0", "K": 0.56, "Mg": 3.45, "Na": 13.29, "RI": 1.51567, "Si": 72.74, "Type": "'build wind float'"},{"Al": 0.47, "Ba": 0.0, "Ca": 9.57, "Fe": "0", "K": 0.11, "Mg": 3.82, "Na": 14.21, "RI": 1.52213, "Si": 71.77, "Type": "'build wind float'"},{"Al": 0.51, "Ba": 0.0, "Ca": 10.06, "Fe": "0.16", "K": 0.09, "Mg": 3.72, "Na": 13.72, "RI": 1.5232, "Si": 71.75, "Type": "'build wind float'"},{"Al": 2.54, "Ba": 0.81, "Ca": 9.41, "Fe": "0.01", "K": 0.14, "Mg": 0.0, "Na": 13.87, "RI": 1.51556, "Si": 73.23, "Type": "headlamps"},{"Al": 1.28, "Ba": 0.0, "Ca": 9.14, "Fe": "0.11", "K": 0.6, "Mg": 3.33, "Na": 13.2, "RI": 1.51926, "Si": 72.36, "Type": "'build wind float'"},{"Al": 0.91, "Ba": 0.0, "Ca": 9.14, "Fe": "0.37", "K": 0.23, "Mg": 3.78, "Na": 14.19, "RI": 1.52211, "Si": 71.36, "Type": "'vehic wind float'"},{"Al": 2.1, "Ba": 3.15, "Ca": 13.3, "Fe": "0.28", "K": 0.58, "Mg": 0.0, "Na": 10.73, "RI": 1.53125, "Si": 69.81, "Type": "'build wind non-float'"},{"Al": 0.87, "Ba": 0.0, "Ca": 9.85, "Fe": "0.17", "K": 0.19, "Mg": 3.65, "Na": 13.05, "RI": 1.52152, "Si": 72.32, "Type": "'build wind float'"},{"Al": 1.62, "Ba": 0.0, "Ca": 9.26, "Fe": "0", "K": 0.0, "Mg": 2.24, "Na": 14.46, "RI": 1.51829, "Si": 72.38, "Type": "tableware"},{"Al": 1.26, "Ba": 0.0, "Ca": 8.21, "Fe": "0.14", "K": 0.57, "Mg": 3.83, "Na": 13.46, "RI": 1.51892, "Si": 72.55, "Type": "'build wind non-float'"},{"Al": 1.74, "Ba": 0.0, "Ca": 9.95, "Fe": "0", "K": 0.0, "Mg": 0.78, "Na": 14.99, "RI": 1.51888, "Si": 72.5, "Type": "tableware"},{"Al": 1.41, "Ba": 0.0, "Ca": 8.31, "Fe": "0.1", "K": 0.55, "Mg": 3.9, "Na": 13.24, "RI": 1.51829, "Si": 72.33, "Type": "'build wind non-float'"},{"Al": 0.82, "Ba": 0.0, "Ca": 10.17, "Fe": "0.03", "K": 0.12, "Mg": 3.58, "Na": 13.31, "RI": 1.523, "Si": 71.99, "Type": "'build wind float'"},{"Al": 1.47, "Ba": 0.0, "Ca": 7.96, "Fe": "0", "K": 0.64, "Mg": 3.57, "Na": 13.56, "RI": 1.51652, "Si": 72.45, "Type": "'build wind non-float'"},{"Al": 1.43, "Ba": 0.0, "Ca": 8.54, "Fe": "0", "K": 0.57, "Mg": 3.52, "Na": 12.56, "RI": 1.51768, "Si": 73.15, "Type": "'build wind float'"},{"Al": 1.12, "Ba": 0.0, "Ca": 8.35, "Fe": "0.31", "K": 0.62, "Mg": 3.47, "Na": 12.99, "RI": 1.51215, "Si": 72.98, "Type": "'build wind float'"},{"Al": 1.26, "Ba": 0.0, "Ca": 8.58, "Fe": "0", "K": 0.52, "Mg": 3.4, "Na": 13.04, "RI": 1.51646, "Si": 73.01, "Type": "'vehic wind float'"},{"Al": 1.33, "Ba": 0.0, "Ca": 8.43, "Fe": "0", "K": 0.56, "Mg": 3.48, "Na": 12.87, "RI": 1.51721, "Si": 73.04, "Type": "'build wind float'"},{"Al": 1.27, "Ba": 0.0, "Ca": 8.56, "Fe": "0", "K": 0.6, "Mg": 3.66, "Na": 12.8, "RI": 1.51763, "Si": 73.01, "Type": "'build wind float'"},{"Al": 1.24, "Ba": 0.0, "Ca": 8.07, "Fe": "0", "K": 0.55, "Mg": 3.62, "Na": 13.27, "RI": 1.51742, "Si": 73.08, "Type": "'build wind float'"},{"Al": 0.83, "Ba": 0.0, "Ca": 9.49, "Fe": "0", "K": 0.0, "Mg": 3.9, "Na": 14.32, "RI": 1.52127, "Si": 71.5, "Type": "'vehic wind float'"},{"Al": 1.33, "Ba": 0.0, "Ca": 8.59, "Fe": "0", "K": 0.59, "Mg": 3.39, "Na": 13.21, "RI": 1.51779, "Si": 72.76, "Type": "'build wind float'"},{"Al": 1.56, "Ba": 0.0, "Ca": 11.41, "Fe": "0", "K": 0.47, "Mg": 1.88, "Na": 11.56, "RI": 1.52171, "Si": 72.86, "Type": "containers"},{"Al": 1.54, "Ba": 0.0, "Ca": 8.21, "Fe": "0.15", "K": 0.54, "Mg": 3.93, "Na": 13.71, "RI": 1.518, "Si": 71.81, "Type": "'build wind non-float'"},{"Al": 0.67, "Ba": 0.0, "Ca": 14.4, "Fe": "0", "K": 0.06, "Mg": 0.0, "Na": 12.64, "RI": 1.52777, "Si": 72.02, "Type": "'build wind non-float'"},{"Al": 1.49, "Ba": 0.0, "Ca": 8.52, "Fe": "0.19", "K": 0.54, "Mg": 3.55, "Na": 12.82, "RI": 1.5175, "Si": 72.75, "Type": "'build wind float'"},{"Al": 1.21, "Ba": 0.0, "Ca": 8.53, "Fe": "0", "K": 0.65, "Mg": 3.54, "Na": 12.98, "RI": 1.51764, "Si": 73.0, "Type": "'build wind float'"},{"Al": 1.36, "Ba": 0.0, "Ca": 11.14, "Fe": "0", "K": 0.33, "Mg": 1.01, "Na": 13.75, "RI": 1.52177, "Si": 72.19, "Type": "'build wind non-float'"},{"Al": 1.87, "Ba": 1.38, "Ca": 8.67, "Fe": "0", "K": 0.0, "Mg": 0.0, "Na": 14.94, "RI": 1.51645, "Si": 73.11, "Type": "headlamps"},{"Al": 1.19, "Ba": 0.0, "Ca": 8.76, "Fe": "0.3", "K": 0.62, "Mg": 3.43, "Na": 12.73, "RI": 1.51786, "Si": 72.95, "Type": "'build wind float'"},{"Al": 0.9, "Ba": 0.0, "Ca": 9.82, "Fe": "0.16", "K": 0.23, "Mg": 3.58, "Na": 13.12, "RI": 1.52152, "Si": 72.2, "Type": "'build wind float'"},{"Al": 1.19, "Ba": 0.0, "Ca": 9.77, "Fe": "0", "K": 0.0, "Mg": 2.41, "Na": 13.79, "RI": 1.51937, "Si": 72.76, "Type": "tableware"},{"Al": 2.42, "Ba": 0.56, "Ca": 8.39, "Fe": "0", "K": 0.0, "Mg": 0.0, "Na": 14.85, "RI": 1.51514, "Si": 73.72, "Type": "headlamps"},{"Al": 0.9, "Ba": 0.0, "Ca": 9.61, "Fe": "0.07", "K": 0.18, "Mg": 3.74, "Na": 13.48, "RI": 1.52172, "Si": 72.01, "Type": "'build wind float'"},{"Al": 1.8, "Ba": 1.55, "Ca": 8.61, "Fe": "0", "K": 0.0, "Mg": 0.0, "Na": 14.95, "RI": 1.51732, "Si": 72.99, "Type": "headlamps"},{"Al": 1.63, "Ba": 0.0, "Ca": 10.56, "Fe": "0.18", "K": 0.39, "Mg": 1.35, "Na": 13.98, "RI": 1.5202, "Si": 71.76, "Type": "'build wind non-float'"},{"Al": 1.45, "Ba": 0.0, "Ca": 8.27, "Fe": "0", "K": 0.44, "Mg": 3.44, "Na": 12.9, "RI": 1.51605, "Si": 73.06, "Type": "'build wind non-float'"},{"Al": 1.19, "Ba": 0.0, "Ca": 8.43, "Fe": "0", "K": 0.6, "Mg": 3.97, "Na": 13.1, "RI": 1.51847, "Si": 72.44, "Type": "'build wind non-float'"},{"Al": 1.36, "Ba": 0.0, "Ca": 7.83, "Fe": "0", "K": 0.48, "Mg": 3.6, "Na": 13.89, "RI": 1.51761, "Si": 72.73, "Type": "'build wind float'"},{"Al": 1.53, "Ba": 0.0, "Ca": 8.03, "Fe": "0.29", "K": 0.65, "Mg": 3.64, "Na": 13.3, "RI": 1.51673, "Si": 72.53, "Type": "'build wind non-float'"},{"Al": 1.31, "Ba": 1.68, "Ca": 8.61, "Fe": "0", "K": 0.31, "Mg": 1.83, "Na": 15.79, "RI": 1.52365, "Si": 70.43, "Type": "headlamps"},{"Al": 1.99, "Ba": 1.59, "Ca": 8.4, "Fe": "0", "K": 0.0, "Mg": 0.0, "Na": 14.92, "RI": 1.51685, "Si": 73.06, "Type": "headlamps"},{"Al": 1.99, "Ba": 1.71, "Ca": 8.28, "Fe": "0", "K": 0.0, "Mg": 0.0, "Na": 14.8, "RI": 1.51658, "Si": 73.11, "Type": "headlamps"},{"Al": 3.04, "Ba": 0.0, "Ca": 6.96, "Fe": "0", "K": 6.21, "Mg": 0.0, "Na": 13.02, "RI": 1.51316, "Si": 70.48, "Type": "containers"},{"Al": 1.79, "Ba": 0.0, "Ca": 8.18, "Fe": "0", "K": 0.66, "Mg": 3.47, "Na": 13.0, "RI": 1.51709, "Si": 72.72, "Type": "'build wind non-float'"},{"Al": 2.34, "Ba": 0.66, "Ca": 8.95, "Fe": "0", "K": 0.0, "Mg": 0.0, "Na": 14.7, "RI": 1.51727, "Si": 73.28, "Type": "headlamps"},{"Al": 1.23, "Ba": 0.0, "Ca": 8.91, "Fe": "0", "K": 0.59, "Mg": 3.35, "Na": 13.58, "RI": 1.51898, "Si": 72.08, "Type": "'build wind float'"},{"Al": 1.65, "Ba": 0.0, "Ca": 11.53, "Fe": "0", "K": 0.38, "Mg": 0.0, "Na": 12.64, "RI": 1.51969, "Si": 73.75, "Type": "containers"},{"Al": 0.83, "Ba": 0.0, "Ca": 9.42, "Fe": "0.2", "K": 0.35, "Mg": 2.76, "Na": 12.62, "RI": 1.5182, "Si": 73.81, "Type": "'build wind non-float'"},{"Al": 2.27, "Ba": 0.67, "Ca": 8.71, "Fe": "0", "K": 0.0, "Mg": 0.0, "Na": 14.95, "RI": 1.51617, "Si": 73.3, "Type": "headlamps"},{"Al": 1.18, "Ba": 0.0, "Ca": 8.89, "Fe": "0", "K": 0.06, "Mg": 3.73, "Na": 13.9, "RI": 1.51911, "Si": 72.12, "Type": "'build wind float'"},{"Al": 1.94, "Ba": 1.57, "Ca": 8.48, "Fe": "0", "K": 0.0, "Mg": 0.0, "Na": 14.38, "RI": 1.51651, "Si": 73.61, "Type": "headlamps"},{"Al": 1.31, "Ba": 0.0, "Ca": 8.79, "Fe": "0", "K": 0.61, "Mg": 3.58, "Na": 12.86, "RI": 1.51694, "Si": 72.61, "Type": "'vehic wind float'"},{"Al": 1.23, "Ba": 0.0, "Ca": 8.83, "Fe": "0", "K": 0.6, "Mg": 3.34, "Na": 13.44, "RI": 1.52315, "Si": 72.38, "Type": "headlamps"},{"Al": 1.67, "Ba": 0.27, "Ca": 9.57, "Fe": "0.17", "K": 0.53, "Mg": 2.09, "Na": 13.55, "RI": 1.52068, "Si": 72.18, "Type": "'build wind non-float'"},{"Al": 2.22, "Ba": 1.63, "Ca": 5.79, "Fe": "0", "K": 1.46, "Mg": 3.26, "Na": 14.32, "RI": 1.51838, "Si": 71.25, "Type": "headlamps"},{"Al": 0.56, "Ba": 0.0, "Ca": 10.99, "Fe": "0", "K": 0.0, "Mg": 0.0, "Na": 13.72, "RI": 1.51818, "Si": 74.45, "Type": "'build wind non-float'"},{"Al": 1.29, "Ba": 0.0, "Ca": 9.06, "Fe": "0.24", "K": 0.56, "Mg": 2.71, "Na": 12.45, "RI": 1.51769, "Si": 73.7, "Type": "'build wind float'"},{"Al": 1.23, "Ba": 0.0, "Ca": 8.81, "Fe": "0.24", "K": 0.58, "Mg": 3.18, "Na": 12.99, "RI": 1.5166, "Si": 72.97, "Type": "'build wind non-float'"},{"Al": 1.4, "Ba": 0.0, "Ca": 8.05, "Fe": "0.24", "K": 0.69, "Mg": 3.43, "Na": 12.88, "RI": 1.51589, "Si": 73.28, "Type": "'build wind float'"},{"Al": 1.17, "Ba": 0.0, "Ca": 10.79, "Fe": "0", "K": 0.08, "Mg": 2.9, "Na": 13.83, "RI": 1.5241, "Si": 71.15, "Type": "'build wind non-float'"},{"Al": 0.66, "Ba": 0.0, "Ca": 11.64, "Fe": "0", "K": 0.08, "Mg": 3.15, "Na": 13.8, "RI": 1.52725, "Si": 70.57, "Type": "'build wind non-float'"},{"Al": 1.51, "Ba": 0.0, "Ca": 11.27, "Fe": "0.28", "K": 0.13, "Mg": 0.33, "Na": 12.97, "RI": 1.52119, "Si": 73.39, "Type": "containers"},{"Al": 1.27, "Ba": 0.0, "Ca": 8.38, "Fe": "0.17", "K": 0.54, "Mg": 3.56, "Na": 12.86, "RI": 1.51748, "Si": 73.21, "Type": "'build wind float'"},{"Al": 1.19, "Ba": 0.0, "Ca": 8.93, "Fe": "0", "K": 2.7, "Mg": 0.0, "Na": 11.95, "RI": 1.51653, "Si": 75.18, "Type": "headlamps"},{"Al": 2.88, "Ba": 1.06, "Ca": 9.18, "Fe": "0", "K": 0.08, "Mg": 0.0, "Na": 14.14, "RI": 1.51623, "Si": 72.61, "Type": "headlamps"},{"Al": 1.1, "Ba": 0.0, "Ca": 8.75, "Fe": "0", "K": 0.06, "Mg": 4.49, "Na": 13.64, "RI": 1.52101, "Si": 71.78, "Type": "'build wind float'"},{"Al": 1.31, "Ba": 0.0, "Ca": 8.5, "Fe": "0", "K": 0.58, "Mg": 3.59, "Na": 12.61, "RI": 1.51763, "Si": 73.29, "Type": "'build wind float'"},{"Al": 1.54, "Ba": 0.0, "Ca": 7.9, "Fe": "0", "K": 0.72, "Mg": 3.56, "Na": 13.02, "RI": 1.51596, "Si": 73.11, "Type": "'build wind non-float'"},{"Al": 1.54, "Ba": 0.0, "Ca": 7.9, "Fe": "0", "K": 0.66, "Mg": 3.52, "Na": 12.79, "RI": 1.51674, "Si": 73.36, "Type": "'build wind non-float'"},{"Al": 2.02, "Ba": 1.64, "Ca": 8.44, "Fe": "0", "K": 0.0, "Mg": 0.0, "Na": 14.36, "RI": 1.52065, "Si": 73.42, "Type": "headlamps"},{"Al": 1.3, "Ba": 0.0, "Ca": 8.69, "Fe": "0.14", "K": 0.61, "Mg": 3.56, "Na": 12.65, "RI": 1.51768, "Si": 73.08, "Type": "'build wind float'"},{"Al": 1.58, "Ba": 0.0, "Ca": 12.24, "Fe": "0", "K": 0.32, "Mg": 0.0, "Na": 13.44, "RI": 1.52369, "Si": 72.22, "Type": "containers"},{"Al": 1.05, "Ba": 0.0, "Ca": 8.24, "Fe": "0", "K": 0.57, "Mg": 3.61, "Na": 13.15, "RI": 1.51756, "Si": 73.24, "Type": "'build wind float'"},{"Al": 1.17, "Ba": 0.0, "Ca": 8.03, "Fe": "0", "K": 0.59, "Mg": 3.74, "Na": 13.48, "RI": 1.51754, "Si": 72.99, "Type": "'build wind float'"},{"Al": 1.57, "Ba": 0.0, "Ca": 8.11, "Fe": "0", "K": 0.61, "Mg": 3.62, "Na": 12.89, "RI": 1.51711, "Si": 72.96, "Type": "'build wind non-float'"},{"Al": 0.72, "Ba": 0.0, "Ca": 9.74, "Fe": "0", "K": 0.17, "Mg": 3.84, "Na": 13.73, "RI": 1.5221, "Si": 71.76, "Type": "'build wind float'"},{"Al": 1.55, "Ba": 0.0, "Ca": 8.05, "Fe": "0.09", "K": 0.68, "Mg": 3.52, "Na": 13.09, "RI": 1.51594, "Si": 72.87, "Type": "'build wind non-float'"},{"Al": 1.16, "Ba": 0.0, "Ca": 8.7, "Fe": "0", "K": 0.61, "Mg": 3.67, "Na": 12.68, "RI": 1.51784, "Si": 73.11, "Type": "'build wind float'"},{"Al": 1.32, "Ba": 0.11, "Ca": 8.78, "Fe": "0", "K": 0.51, "Mg": 3.53, "Na": 13.89, "RI": 1.51909, "Si": 71.81, "Type": "'build wind float'"},{"Al": 1.32, "Ba": 0.69, "Ca": 8.67, "Fe": "0", "K": 0.12, "Mg": 3.58, "Na": 13.81, "RI": 1.51977, "Si": 71.72, "Type": "'build wind float'"},{"Al": 1.83, "Ba": 0.0, "Ca": 10.17, "Fe": "0", "K": 0.97, "Mg": 0.0, "Na": 12.86, "RI": 1.51666, "Si": 73.88, "Type": "containers"},{"Al": 1.57, "Ba": 0.0, "Ca": 7.89, "Fe": "0", "K": 0.61, "Mg": 3.57, "Na": 13.34, "RI": 1.51631, "Si": 72.87, "Type": "'build wind non-float'"},{"Al": 1.56, "Ba": 0.0, "Ca": 8.55, "Fe": "0.12", "K": 0.58, "Mg": 3.66, "Na": 12.93, "RI": 1.51872, "Si": 72.51, "Type": "'build wind non-float'"},{"Al": 1.81, "Ba": 0.0, "Ca": 7.88, "Fe": "0", "K": 0.64, "Mg": 3.68, "Na": 13.72, "RI": 1.51708, "Si": 72.06, "Type": "'build wind non-float'"},{"Al": 1.43, "Ba": 0.0, "Ca": 9.85, "Fe": "0.17", "K": 0.49, "Mg": 2.28, "Na": 13.78, "RI": 1.52081, "Si": 71.99, "Type": "'build wind non-float'"},{"Al": 1.74, "Ba": 0.0, "Ca": 7.36, "Fe": "0.12", "K": 0.16, "Mg": 3.67, "Na": 14.86, "RI": 1.51574, "Si": 71.87, "Type": "'build wind non-float'"},{"Al": 1.18, "Ba": 0.0, "Ca": 8.15, "Fe": "0", "K": 0.58, "Mg": 3.98, "Na": 13.43, "RI": 1.51813, "Si": 72.49, "Type": "'build wind non-float'"},{"Al": 1.81, "Ba": 1.19, "Ca": 5.43, "Fe": "0", "K": 1.76, "Mg": 3.2, "Na": 13.69, "RI": 1.51131, "Si": 72.81, "Type": "headlamps"},{"Al": 0.78, "Ba": 0.0, "Ca": 9.69, "Fe": "0", "K": 0.0, "Mg": 3.81, "Na": 14.17, "RI": 1.52227, "Si": 71.35, "Type": "'build wind float'"},{"Al": 1.36, "Ba": 0.0, "Ca": 13.44, "Fe": "0.1", "K": 0.19, "Mg": 0.0, "Na": 13.7, "RI": 1.52614, "Si": 71.24, "Type": "'build wind non-float'"},{"Al": 1.25, "Ba": 0.0, "Ca": 8.12, "Fe": "0", "K": 0.52, "Mg": 3.85, "Na": 13.33, "RI": 1.51811, "Si": 72.78, "Type": "'build wind non-float'"},{"Al": 1.28, "Ba": 0.0, "Ca": 8.65, "Fe": "0", "K": 0.52, "Mg": 3.39, "Na": 13.41, "RI": 1.51655, "Si": 72.64, "Type": "'vehic wind float'"},{"Al": 1.35, "Ba": 0.0, "Ca": 8.59, "Fe": "0", "K": 0.62, "Mg": 3.57, "Na": 12.81, "RI": 1.51751, "Si": 73.02, "Type": "'build wind float'"},{"Al": 2.25, "Ba": 0.63, "Ca": 8.34, "Fe": "0", "K": 0.0, "Mg": 0.0, "Na": 15.15, "RI": 1.51508, "Si": 73.5, "Type": "headlamps"},{"Al": 1.86, "Ba": 0.0, "Ca": 10.09, "Fe": "0", "K": 0.6, "Mg": 1.85, "Na": 12.73, "RI": 1.51915, "Si": 72.69, "Type": "containers"},{"Al": 0.29, "Ba": 0.0, "Ca": 9.0, "Fe": "0", "K": 0.03, "Mg": 3.75, "Na": 14.77, "RI": 1.51966, "Si": 72.02, "Type": "'build wind float'"},{"Al": 1.32, "Ba": 0.0, "Ca": 8.42, "Fe": "0", "K": 0.58, "Mg": 3.76, "Na": 13.25, "RI": 1.51844, "Si": 72.4, "Type": "'build wind non-float'"},{"Al": 0.77, "Ba": 0.0, "Ca": 14.68, "Fe": "0", "K": 0.0, "Mg": 0.0, "Na": 11.23, "RI": 1.52664, "Si": 73.21, "Type": "'build wind non-float'"},{"Al": 0.88, "Ba": 0.0, "Ca": 9.54, "Fe": "0.11", "K": 0.23, "Mg": 3.86, "Na": 13.51, "RI": 1.52172, "Si": 71.79, "Type": "'build wind float'"},{"Al": 2.38, "Ba": 0.64, "Ca": 8.76, "Fe": "0.09", "K": 0.0, "Mg": 0.0, "Na": 14.85, "RI": 1.51602, "Si": 73.28, "Type": "headlamps"},{"Al": 3.02, "Ba": 0.0, "Ca": 6.93, "Fe": "0", "K": 6.21, "Mg": 0.0, "Na": 13.0, "RI": 1.51321, "Si": 70.7, "Type": "containers"},{"Al": 0.75, "Ba": 0.0, "Ca": 14.96, "Fe": "0", "K": 0.0, "Mg": 0.0, "Na": 11.02, "RI": 1.52739, "Si": 73.08, "Type": "'build wind non-float'"},{"Al": 0.47, "Ba": 0.0, "Ca": 9.57, "Fe": "0", "K": 0.11, "Mg": 3.82, "Na": 14.21, "RI": 1.52213, "Si": 71.77, "Type": "'build wind float'"},{"Al": 1.14, "Ba": 0.0, "Ca": 8.55, "Fe": "0", "K": 0.56, "Mg": 3.5, "Na": 12.84, "RI": 1.51747, "Si": 73.27, "Type": "'build wind float'"},{"Al": 1.24, "Ba": 0.0, "Ca": 8.68, "Fe": "0.35", "K": 0.62, "Mg": 3.67, "Na": 12.85, "RI": 1.51839, "Si": 72.57, "Type": "'build wind non-float'"},{"Al": 1.25, "Ba": 0.0, "Ca": 8.1, "Fe": "0", "K": 0.68, "Mg": 3.55, "Na": 13.41, "RI": 1.51646, "Si": 72.81, "Type": "'build wind non-float'"},{"Al": 2.51, "Ba": 0.53, "Ca": 8.83, "Fe": "0", "K": 0.05, "Mg": 0.0, "Na": 15.01, "RI": 1.51609, "Si": 73.05, "Type": "headlamps"},{"Al": 1.26, "Ba": 0.0, "Ca": 8.6, "Fe": "0", "K": 0.56, "Mg": 3.61, "Na": 12.94, "RI": 1.51667, "Si": 72.75, "Type": "'build wind non-float'"},{"Al": 1.58, "Ba": 0.0, "Ca": 8.39, "Fe": "0.19", "K": 0.07, "Mg": 3.41, "Na": 13.12, "RI": 1.51588, "Si": 73.26, "Type": "'build wind non-float'"},{"Al": 0.71, "Ba": 0.0, "Ca": 9.82, "Fe": "0.1", "K": 0.02, "Mg": 3.7, "Na": 13.99, "RI": 1.52667, "Si": 71.57, "Type": "'build wind float'"},{"Al": 1.82, "Ba": 2.88, "Ca": 6.47, "Fe": "0", "K": 1.41, "Mg": 0.0, "Na": 14.39, "RI": 1.51831, "Si": 72.86, "Type": "headlamps"},{"Al": 1.37, "Ba": 0.0, "Ca": 8.3, "Fe": "0", "K": 0.56, "Mg": 3.58, "Na": 14.04, "RI": 1.51918, "Si": 72.08, "Type": "'build wind float'"},{"Al": 1.79, "Ba": 0.76, "Ca": 8.67, "Fe": "0", "K": 0.0, "Mg": 1.78, "Na": 13.88, "RI": 1.51613, "Si": 73.1, "Type": "headlamps"},{"Al": 0.89, "Ba": 0.0, "Ca": 9.15, "Fe": "0", "K": 0.15, "Mg": 3.85, "Na": 14.36, "RI": 1.52196, "Si": 71.36, "Type": "'build wind float'"},{"Al": 1.29, "Ba": 0.0, "Ca": 8.43, "Fe": "0", "K": 0.6, "Mg": 3.48, "Na": 12.87, "RI": 1.51824, "Si": 72.95, "Type": "'build wind float'"},{"Al": 1.56, "Ba": 0.0, "Ca": 11.62, "Fe": "0", "K": 0.58, "Mg": 1.71, "Na": 11.03, "RI": 1.52151, "Si": 73.44, "Type": "containers"},{"Al": 0.56, "Ba": 0.0, "Ca": 11.22, "Fe": "0", "K": 0.0, "Mg": 0.0, "Na": 14.56, "RI": 1.51969, "Si": 73.48, "Type": "tableware"},{"Al": 1.48, "Ba": 0.0, "Ca": 8.12, "Fe": "0", "K": 0.6, "Mg": 3.5, "Na": 13.01, "RI": 1.51618, "Si": 72.89, "Type": "'build wind non-float'"},{"Al": 1.52, "Ba": 0.0, "Ca": 8.08, "Fe": "0.1", "K": 0.67, "Mg": 3.49, "Na": 13.4, "RI": 1.51645, "Si": 72.65, "Type": "'build wind non-float'"},{"Al": 1.63, "Ba": 0.0, "Ca": 8.81, "Fe": "0.09", "K": 0.57, "Mg": 3.36, "Na": 13.5, "RI": 1.51796, "Si": 71.94, "Type": "'vehic wind float'"},{"Al": 1.0, "Ba": 0.0, "Ca": 11.52, "Fe": "0.08", "K": 0.1, "Mg": 0.0, "Na": 14.43, "RI": 1.52222, "Si": 72.67, "Type": "'build wind non-float'"},{"Al": 1.34, "Ba": 0.0, "Ca": 8.75, "Fe": "0", "K": 0.57, "Mg": 3.54, "Na": 12.69, "RI": 1.51783, "Si": 72.95, "Type": "'build wind float'"},{"Al": 2.08, "Ba": 1.67, "Ca": 8.62, "Fe": "0", "K": 0.0, "Mg": 0.0, "Na": 14.23, "RI": 1.51711, "Si": 73.36, "Type": "headlamps"},{"Al": 1.29, "Ba": 0.0, "Ca": 8.7, "Fe": "0", "K": 0.59, "Mg": 3.62, "Na": 12.78, "RI": 1.51736, "Si": 72.79, "Type": "'build wind float'"},{"Al": 1.19, "Ba": 0.0, "Ca": 9.03, "Fe": "0", "K": 0.55, "Mg": 2.87, "Na": 13.43, "RI": 1.51808, "Si": 72.84, "Type": "'build wind float'"},{"Al": 1.38, "Ba": 0.0, "Ca": 8.44, "Fe": "0.1", "K": 0.56, "Mg": 3.57, "Na": 13.24, "RI": 1.5167, "Si": 72.7, "Type": "'vehic wind float'"},{"Al": 1.4, "Ba": 0.0, "Ca": 12.5, "Fe": "0", "K": 0.33, "Mg": 0.0, "Na": 13.38, "RI": 1.52043, "Si": 72.25, "Type": "containers"},{"Al": 1.35, "Ba": 0.0, "Ca": 9.0, "Fe": "0", "K": 0.55, "Mg": 3.48, "Na": 13.49, "RI": 1.519, "Si": 71.95, "Type": "'build wind float'"},{"Al": 1.29, "Ba": 0.0, "Ca": 9.02, "Fe": "0.09", "K": 0.51, "Mg": 2.81, "Na": 13.21, "RI": 1.51778, "Si": 72.98, "Type": "'build wind float'"},{"Al": 1.56, "Ba": 0.0, "Ca": 9.57, "Fe": "0", "K": 0.0, "Mg": 2.39, "Na": 14.0, "RI": 1.51905, "Si": 72.37, "Type": "tableware"},{"Al": 2.66, "Ba": 0.64, "Ca": 9.08, "Fe": "0", "K": 0.04, "Mg": 0.0, "Na": 14.38, "RI": 1.51531, "Si": 73.1, "Type": "headlamps"},{"Al": 2.09, "Ba": 0.0, "Ca": 10.88, "Fe": "0", "K": 0.0, "Mg": 0.0, "Na": 14.15, "RI": 1.51916, "Si": 72.74, "Type": "tableware"},{"Al": 1.06, "Ba": 0.0, "Ca": 9.13, "Fe": "0.15", "K": 0.64, "Mg": 3.62, "Na": 13.02, "RI": 1.51841, "Si": 72.34, "Type": "'build wind non-float'"},{"Al": 1.51, "Ba": 0.0, "Ca": 7.96, "Fe": "0", "K": 0.69, "Mg": 3.58, "Na": 13.02, "RI": 1.5159, "Si": 73.12, "Type": "'build wind non-float'"},{"Al": 1.43, "Ba": 0.0, "Ca": 7.86, "Fe": "0", "K": 0.61, "Mg": 3.45, "Na": 13.25, "RI": 1.51593, "Si": 73.17, "Type": "'build wind non-float'"},{"Al": 1.87, "Ba": 0.0, "Ca": 8.08, "Fe": "0.09", "K": 0.63, "Mg": 3.48, "Na": 12.55, "RI": 1.5164, "Si": 73.23, "Type": "'build wind non-float'"},{"Al": 1.62, "Ba": 0.0, "Ca": 8.03, "Fe": "0.21", "K": 0.64, "Mg": 3.54, "Na": 12.93, "RI": 1.51663, "Si": 72.96, "Type": "'build wind non-float'"},{"Al": 1.61, "Ba": 0.0, "Ca": 8.11, "Fe": "0", "K": 0.68, "Mg": 3.54, "Na": 13.33, "RI": 1.5169, "Si": 72.54, "Type": "'build wind non-float'"},{"Al": 1.18, "Ba": 0.0, "Ca": 8.83, "Fe": "0.16", "K": 0.57, "Mg": 3.37, "Na": 13.19, "RI": 1.51869, "Si": 72.72, "Type": "'build wind float'"},{"Al": 1.52, "Ba": 0.0, "Ca": 8.79, "Fe": "0", "K": 0.58, "Mg": 3.41, "Na": 13.53, "RI": 1.51776, "Si": 72.04, "Type": "'vehic wind float'"},{"Al": 1.23, "Ba": 0.09, "Ca": 8.56, "Fe": "0.22", "K": 0.61, "Mg": 3.48, "Na": 12.85, "RI": 1.51775, "Si": 72.97, "Type": "'build wind float'"},{"Al": 1.43, "Ba": 0.0, "Ca": 8.6, "Fe": "0", "K": 0.51, "Mg": 3.43, "Na": 13.36, "RI": 1.5186, "Si": 72.26, "Type": "'build wind non-float'"},{"Al": 1.15, "Ba": 0.0, "Ca": 8.43, "Fe": "0", "K": 0.5, "Mg": 3.5, "Na": 13.38, "RI": 1.5172, "Si": 72.85, "Type": "'build wind float'"},{"Al": 2.79, "Ba": 0.4, "Ca": 9.04, "Fe": "0.09", "K": 0.04, "Mg": 0.0, "Na": 14.2, "RI": 1.51623, "Si": 73.46, "Type": "headlamps"},{"Al": 1.54, "Ba": 0.0, "Ca": 7.78, "Fe": "0", "K": 0.39, "Mg": 3.55, "Na": 13.53, "RI": 1.51618, "Si": 72.99, "Type": "'build wind float'"},{"Al": 1.23, "Ba": 0.0, "Ca": 8.39, "Fe": "0", "K": 0.58, "Mg": 3.54, "Na": 12.81, "RI": 1.51761, "Si": 73.24, "Type": "'build wind float'"},{"Al": 1.22, "Ba": 0.0, "Ca": 8.32, "Fe": "0", "K": 0.59, "Mg": 3.4, "Na": 13.42, "RI": 1.5161, "Si": 72.69, "Type": "'vehic wind float'"},{"Al": 2.12, "Ba": 0.0, "Ca": 7.97, "Fe": "0", "K": 0.69, "Mg": 3.52, "Na": 12.86, "RI": 1.51592, "Si": 72.66, "Type": "'build wind non-float'"},{"Al": 1.25, "Ba": 0.0, "Ca": 7.94, "Fe": "0.14", "K": 0.37, "Mg": 3.52, "Na": 13.92, "RI": 1.51613, "Si": 72.88, "Type": "'build wind non-float'"},{"Al": 1.71, "Ba": 0.0, "Ca": 8.54, "Fe": "0", "K": 0.73, "Mg": 2.88, "Na": 12.67, "RI": 1.51689, "Si": 73.21, "Type": "'build wind non-float'"},{"Al": 1.66, "Ba": 0.0, "Ca": 9.32, "Fe": "0", "K": 0.0, "Mg": 2.19, "Na": 14.09, "RI": 1.51852, "Si": 72.67, "Type": "tableware"}]